class,precision,recall,f1_score,support
0,0.8666666666666667,1.0,0.9285714285714286,13
1,1.0,0.8461538461538461,0.9166666666666666,13
accuracy,0.987,,,26
